run_id,buffer_type,memory_regime,temporal_mode,n_activations,seed,generations,pop_size,status,final_top_mean_fitness,best_top_mean_fitness,duration_sec,timestamp
average_long_term_heterogeneous_seed2046530742,average,long_term,heterogeneous,3,2046530742,4500,100,completed,3.9,18.6,15203.77,2026-09-17T08:27:25.257134+00:00
decay_short_term_heterogeneous_seed1691623607,decay,short_term,heterogeneous,3,1691623607,4500,100,completed,23.2,39.0,16798.82,2026-09-17T08:54:00.279030+00:00
average_short_term_heterogeneous_seed3444837047,average,short_term,heterogeneous,3,3444837047,4500,100,completed,9.0,40.5,17419.24,2026-09-17T09:04:20.736438+00:00
average_long_term_homogeneous_seed3581440988,average,long_term,homogeneous,1,3581440988,4500,100,completed,3.9,24.4,18419.62,2026-09-17T09:21:01.074656+00:00
decay_short_term_homogeneous_seed2099784219,decay,short_term,homogeneous,1,2099784219,4500,100,completed,16.0,30.0,19808.27,2026-09-17T09:44:09.770567+00:00
average_short_term_homogeneous_seed2669555309,average,short_term,homogeneous,1,2669555309,4500,100,completed,13.8,28.6,20861.63,2026-09-17T10:01:43.128733+00:00
decay_long_term_heterogeneous_seed1184028159,decay,long_term,heterogeneous,3,1184028159,4500,100,completed,22.0,35.6,16528.1,2026-09-17T13:02:53.726046+00:00
peek_end_short_term_heterogeneous_seed1333843299,peek_end,short_term,heterogeneous,3,1333843299,4500,100,completed,6.3,27.7,15960.99,2026-09-17T13:30:22.036004+00:00
peek_end_long_term_heterogeneous_seed2705014006,peek_end,long_term,heterogeneous,3,2705014006,4500,100,completed,3.9,9.8,14798.95,2026-09-17T13:50:49.049224+00:00
peek_end_short_term_homogeneous_seed2170464109,peek_end,short_term,homogeneous,1,2170464109,4500,100,completed,4.9,11.0,17873.13,2026-09-17T14:18:54.532416+00:00
decay_long_term_homogeneous_seed862288241,decay,long_term,homogeneous,1,862288241,4500,100,completed,17.3,46.4,19784.02,2026-09-17T14:23:44.610399+00:00
peek_end_long_term_homogeneous_seed2468990893,peek_end,long_term,homogeneous,1,2468990893,4500,100,completed,2.8,10.1,17434.68,2026-09-17T14:52:18.132396+00:00
